Workbook
Name FatList: 'Жиры и масла'!$A$2:$A$8
Name GrainList: 'Злаковые продукты'!$A$2:$A$13
Name ProteinList: 'Белковые продукты'!$A$2:$A$16
Name SnackList: 'Продукты для перекусов'!$A$2:$A$13

Sheet Расчет рациона
A1: Приём пищи | B1: Категория | C1: Продукт | D1: Порция, г | E1: ккал | F1: Белки, г | G1: Жиры, г | H1: Углеводы, г | J1: Как пользоваться
A2: Завтрак | B2: Злаковый продукт | C2: Гречка варёная | D2: 300 | E2: =IF(OR(C2="",D2=""),"",IFERROR(VLOOKUP(C2,'Злаковые продукты'!$A:$E,2,FALSE)*D2/100,"")) -> 330 | F2: =IF(OR(C2="",D2=""),"",IFERROR(VLOOKUP(C2,'Злаковые продукты'!$A:$E,3,FALSE)*D2/100,"")) -> 12.6 | G2: =IF(OR(C2="",D2=""),"",IFERROR(VLOOKUP(C2,'Злаковые продукты'!$A:$E,4,FALSE)*D2/100,"")) -> 3.3 | H2: =IF(OR(C2="",D2=""),"",IFERROR(VLOOKUP(C2,'Злаковые продукты'!$A:$E,5,FALSE)*D2/100,"")) -> 63.9 | J2: В каждом приёме выберите 3 продукта из списков и укажите массу порции. КБЖУ рассчитаются автоматически. Справочники можно редактировать на отдельных вкладках.
B3: Белковый продукт | C3: Творог 5% | D3: 100 | E3: =IF(OR(C3="",D3=""),"",IFERROR(VLOOKUP(C3,'Белковые продукты'!$A:$E,2,FALSE)*D3/100,"")) -> 121 | F3: =IF(OR(C3="",D3=""),"",IFERROR(VLOOKUP(C3,'Белковые продукты'!$A:$E,3,FALSE)*D3/100,"")) -> 17 | G3: =IF(OR(C3="",D3=""),"",IFERROR(VLOOKUP(C3,'Белковые продукты'!$A:$E,4,FALSE)*D3/100,"")) -> 5 | H3: =IF(OR(C3="",D3=""),"",IFERROR(VLOOKUP(C3,'Белковые продукты'!$A:$E,5,FALSE)*D3/100,"")) -> 3
B4: Жир / масло | C4: Подсолнечное масло | D4: 10 | E4: =IF(OR(C4="",D4=""),"",IFERROR(VLOOKUP(C4,'Жиры и масла'!$A:$E,2,FALSE)*D4/100,"")) -> 88.4 | F4: =IF(OR(C4="",D4=""),"",IFERROR(VLOOKUP(C4,'Жиры и масла'!$A:$E,3,FALSE)*D4/100,"")) -> 0 | G4: =IF(OR(C4="",D4=""),"",IFERROR(VLOOKUP(C4,'Жиры и масла'!$A:$E,4,FALSE)*D4/100,"")) -> 10 | H4: =IF(OR(C4="",D4=""),"",IFERROR(VLOOKUP(C4,'Жиры и масла'!$A:$E,5,FALSE)*D4/100,"")) -> 0
B5: Итого за приём | E5: =SUM(E2:E4) -> 539.4 | F5: =SUM(F2:F4) -> 29.6 | G5: =SUM(G2:G4) -> 18.3 | H5: =SUM(H2:H4) -> 66.9
A6: Перекус 1 | B6: Перекус / углеводный продукт | C6: Финики | D6: 120 | E6: =IF(OR(C6="",D6=""),"",IFERROR(VLOOKUP(C6,'Продукты для перекусов'!$A:$E,2,FALSE)*D6/100,"")) -> 338.4 | F6: =IF(OR(C6="",D6=""),"",IFERROR(VLOOKUP(C6,'Продукты для перекусов'!$A:$E,3,FALSE)*D6/100,"")) -> 3 | G6: =IF(OR(C6="",D6=""),"",IFERROR(VLOOKUP(C6,'Продукты для перекусов'!$A:$E,4,FALSE)*D6/100,"")) -> 0.48 | H6: =IF(OR(C6="",D6=""),"",IFERROR(VLOOKUP(C6,'Продукты для перекусов'!$A:$E,5,FALSE)*D6/100,"")) -> 90
B7: Белковый продукт | E7: =IF(OR(C7="",D7=""),"",IFERROR(VLOOKUP(C7,'Белковые продукты'!$A:$E,2,FALSE)*D7/100,"")) | F7: =IF(OR(C7="",D7=""),"",IFERROR(VLOOKUP(C7,'Белковые продукты'!$A:$E,3,FALSE)*D7/100,"")) | G7: =IF(OR(C7="",D7=""),"",IFERROR(VLOOKUP(C7,'Белковые продукты'!$A:$E,4,FALSE)*D7/100,"")) | H7: =IF(OR(C7="",D7=""),"",IFERROR(VLOOKUP(C7,'Белковые продукты'!$A:$E,5,FALSE)*D7/100,""))
B8: Жир / масло | E8: =IF(OR(C8="",D8=""),"",IFERROR(VLOOKUP(C8,'Жиры и масла'!$A:$E,2,FALSE)*D8/100,"")) | F8: =IF(OR(C8="",D8=""),"",IFERROR(VLOOKUP(C8,'Жиры и масла'!$A:$E,3,FALSE)*D8/100,"")) | G8: =IF(OR(C8="",D8=""),"",IFERROR(VLOOKUP(C8,'Жиры и масла'!$A:$E,4,FALSE)*D8/100,"")) | H8: =IF(OR(C8="",D8=""),"",IFERROR(VLOOKUP(C8,'Жиры и масла'!$A:$E,5,FALSE)*D8/100,""))
B9: Итого за приём | E9: =SUM(E6:E8) -> 338.4 | F9: =SUM(F6:F8) -> 3 | G9: =SUM(G6:G8) -> 0.48 | H9: =SUM(H6:H8) -> 90
A10: Обед | B10: Злаковый продукт | C10: Макароны варёные | D10: 250 | E10: =IF(OR(C10="",D10=""),"",IFERROR(VLOOKUP(C10,'Злаковые продукты'!$A:$E,2,FALSE)*D10/100,"")) -> 327.5 | F10: =IF(OR(C10="",D10=""),"",IFERROR(VLOOKUP(C10,'Злаковые продукты'!$A:$E,3,FALSE)*D10/100,"")) -> 12.5 | G10: =IF(OR(C10="",D10=""),"",IFERROR(VLOOKUP(C10,'Злаковые продукты'!$A:$E,4,FALSE)*D10/100,"")) -> 2.75 | H10: =IF(OR(C10="",D10=""),"",IFERROR(VLOOKUP(C10,'Злаковые продукты'!$A:$E,5,FALSE)*D10/100,"")) -> 62.5
B11: Белковый продукт | C11: Яйцо куриное | D11: 150 | E11: =IF(OR(C11="",D11=""),"",IFERROR(VLOOKUP(C11,'Белковые продукты'!$A:$E,2,FALSE)*D11/100,"")) -> 214.5 | F11: =IF(OR(C11="",D11=""),"",IFERROR(VLOOKUP(C11,'Белковые продукты'!$A:$E,3,FALSE)*D11/100,"")) -> 18.9 | G11: =IF(OR(C11="",D11=""),"",IFERROR(VLOOKUP(C11,'Белковые продукты'!$A:$E,4,FALSE)*D11/100,"")) -> 14.25 | H11: =IF(OR(C11="",D11=""),"",IFERROR(VLOOKUP(C11,'Белковые продукты'!$A:$E,5,FALSE)*D11/100,"")) -> 1.05
B12: Жир / масло | C12: Сливочное масло 82,5% | D12: 10 | E12: =IF(OR(C12="",D12=""),"",IFERROR(VLOOKUP(C12,'Жиры и масла'!$A:$E,2,FALSE)*D12/100,"")) -> 74.8 | F12: =IF(OR(C12="",D12=""),"",IFERROR(VLOOKUP(C12,'Жиры и масла'!$A:$E,3,FALSE)*D12/100,"")) -> 0.05 | G12: =IF(OR(C12="",D12=""),"",IFERROR(VLOOKUP(C12,'Жиры и масла'!$A:$E,4,FALSE)*D12/100,"")) -> 8.25 | H12: =IF(OR(C12="",D12=""),"",IFERROR(VLOOKUP(C12,'Жиры и масла'!$A:$E,5,FALSE)*D12/100,"")) -> 0.08
B13: Итого за приём | E13: =SUM(E10:E12) -> 616.8 | F13: =SUM(F10:F12) -> 31.45 | G13: =SUM(G10:G12) -> 25.25 | H13: =SUM(H10:H12) -> 63.63
A14: Перекус 2 | B14: Перекус / углеводный продукт | E14: =IF(OR(C14="",D14=""),"",IFERROR(VLOOKUP(C14,'Продукты для перекусов'!$A:$E,2,FALSE)*D14/100,"")) | F14: =IF(OR(C14="",D14=""),"",IFERROR(VLOOKUP(C14,'Продукты для перекусов'!$A:$E,3,FALSE)*D14/100,"")) | G14: =IF(OR(C14="",D14=""),"",IFERROR(VLOOKUP(C14,'Продукты для перекусов'!$A:$E,4,FALSE)*D14/100,"")) | H14: =IF(OR(C14="",D14=""),"",IFERROR(VLOOKUP(C14,'Продукты для перекусов'!$A:$E,5,FALSE)*D14/100,""))
B15: Белковый продукт | E15: =IF(OR(C15="",D15=""),"",IFERROR(VLOOKUP(C15,'Белковые продукты'!$A:$E,2,FALSE)*D15/100,"")) | F15: =IF(OR(C15="",D15=""),"",IFERROR(VLOOKUP(C15,'Белковые продукты'!$A:$E,3,FALSE)*D15/100,"")) | G15: =IF(OR(C15="",D15=""),"",IFERROR(VLOOKUP(C15,'Белковые продукты'!$A:$E,4,FALSE)*D15/100,"")) | H15: =IF(OR(C15="",D15=""),"",IFERROR(VLOOKUP(C15,'Белковые продукты'!$A:$E,5,FALSE)*D15/100,""))
B16: Жир / масло | E16: =IF(OR(C16="",D16=""),"",IFERROR(VLOOKUP(C16,'Жиры и масла'!$A:$E,2,FALSE)*D16/100,"")) | F16: =IF(OR(C16="",D16=""),"",IFERROR(VLOOKUP(C16,'Жиры и масла'!$A:$E,3,FALSE)*D16/100,"")) | G16: =IF(OR(C16="",D16=""),"",IFERROR(VLOOKUP(C16,'Жиры и масла'!$A:$E,4,FALSE)*D16/100,"")) | H16: =IF(OR(C16="",D16=""),"",IFERROR(VLOOKUP(C16,'Жиры и масла'!$A:$E,5,FALSE)*D16/100,""))
B17: Итого за приём | E17: =SUM(E14:E16) -> 0 | F17: =SUM(F14:F16) -> 0 | G17: =SUM(G14:G16) -> 0 | H17: =SUM(H14:H16) -> 0
A18: Ужин | B18: Злаковый продукт | C18: Рис белый варёный | D18: 250 | E18: =IF(OR(C18="",D18=""),"",IFERROR(VLOOKUP(C18,'Злаковые продукты'!$A:$E,2,FALSE)*D18/100,"")) -> 325 | F18: =IF(OR(C18="",D18=""),"",IFERROR(VLOOKUP(C18,'Злаковые продукты'!$A:$E,3,FALSE)*D18/100,"")) -> 6.75 | G18: =IF(OR(C18="",D18=""),"",IFERROR(VLOOKUP(C18,'Злаковые продукты'!$A:$E,4,FALSE)*D18/100,"")) -> 0.75 | H18: =IF(OR(C18="",D18=""),"",IFERROR(VLOOKUP(C18,'Злаковые продукты'!$A:$E,5,FALSE)*D18/100,"")) -> 70.5
B19: Белковый продукт | C19: Телятина готовая | D19: 150 | E19: =IF(OR(C19="",D19=""),"",IFERROR(VLOOKUP(C19,'Белковые продукты'!$A:$E,2,FALSE)*D19/100,"")) -> 258 | F19: =IF(OR(C19="",D19=""),"",IFERROR(VLOOKUP(C19,'Белковые продукты'!$A:$E,3,FALSE)*D19/100,"")) -> 45 | G19: =IF(OR(C19="",D19=""),"",IFERROR(VLOOKUP(C19,'Белковые продукты'!$A:$E,4,FALSE)*D19/100,"")) -> 7.5 | H19: =IF(OR(C19="",D19=""),"",IFERROR(VLOOKUP(C19,'Белковые продукты'!$A:$E,5,FALSE)*D19/100,"")) -> 0
B20: Жир / масло | C20: Сливочное масло 82,5% | D20: 10 | E20: =IF(OR(C20="",D20=""),"",IFERROR(VLOOKUP(C20,'Жиры и масла'!$A:$E,2,FALSE)*D20/100,"")) -> 74.8 | F20: =IF(OR(C20="",D20=""),"",IFERROR(VLOOKUP(C20,'Жиры и масла'!$A:$E,3,FALSE)*D20/100,"")) -> 0.05 | G20: =IF(OR(C20="",D20=""),"",IFERROR(VLOOKUP(C20,'Жиры и масла'!$A:$E,4,FALSE)*D20/100,"")) -> 8.25 | H20: =IF(OR(C20="",D20=""),"",IFERROR(VLOOKUP(C20,'Жиры и масла'!$A:$E,5,FALSE)*D20/100,"")) -> 0.08
B21: Итого за приём | E21: =SUM(E18:E20) -> 657.8 | F21: =SUM(F18:F20) -> 51.8 | G21: =SUM(G18:G20) -> 16.5 | H21: =SUM(H18:H20) -> 70.58
A22: ИТОГО ЗА ДЕНЬ | E22: =SUM(E5,E9,E13,E17,E21) -> 2152.4 | F22: =SUM(F5,F9,F13,F17,F21) -> 115.85 | G22: =SUM(G5,G9,G13,G17,G21) -> 60.53 | H22: =SUM(H5,H9,H13,H17,H21) -> 291.11

Sheet Злаковые продукты
A1: Продукт | B1: ккал | C1: Белки, г | D1: Жиры, г | E1: Углеводы, г
A2: Рис белый варёный | B2: 130 | C2: 2.7 | D2: 0.3 | E2: 28.2
A3: Рис бурый варёный | B3: 123 | C3: 2.7 | D3: 1 | E3: 25.6
A4: Гречка варёная | B4: 110 | C4: 4.2 | D4: 1.1 | E4: 21.3
A5: Овсяная каша на воде | B5: 71 | C5: 2.5 | D5: 1.5 | E5: 12
A6: Булгур варёный | B6: 83 | C6: 3.1 | D6: 0.2 | E6: 18.6
A7: Кускус варёный | B7: 112 | C7: 3.8 | D7: 0.2 | E7: 23.2
A8: Киноа варёная | B8: 120 | C8: 4.4 | D8: 1.9 | E8: 21.3
A9: Перловка варёная | B9: 123 | C9: 2.3 | D9: 0.4 | E9: 28.2
A10: Пшено варёное | B10: 119 | C10: 3.5 | D10: 1 | E10: 23.7
A11: Макароны варёные | B11: 131 | C11: 5 | D11: 1.1 | E11: 25
A12: Картофель отварной | B12: 87 | C12: 1.9 | D12: 0.1 | E12: 20.1
A13: Хлеб цельнозерновой | B13: 247 | C13: 13 | D13: 4.2 | E13: 41

Sheet Белковые продукты
A1: Продукт | B1: ккал | C1: Белки, г | D1: Жиры, г | E1: Углеводы, г
A2: Куриная грудка готовая | B2: 165 | C2: 31 | D2: 3.6 | E2: 0
A3: Филе индейки готовое | B3: 135 | C3: 29 | D3: 1.6 | E3: 0
A4: Говядина постная готовая | B4: 200 | C4: 29 | D4: 8 | E4: 0
A5: Телятина готовая | B5: 172 | C5: 30 | D5: 5 | E5: 0
A6: Свинина постная готовая | B6: 195 | C6: 29 | D6: 8 | E6: 0
A7: Треска готовая | B7: 105 | C7: 23 | D7: 0.9 | E7: 0
A8: Хек готовый | B8: 111 | C8: 23 | D8: 2 | E8: 0
A9: Лосось готовый | B9: 206 | C9: 22 | D9: 12 | E9: 0
A10: Тунец в собственном соку | B10: 116 | C10: 26 | D10: 1 | E10: 0
A11: Креветки готовые | B11: 99 | C11: 24 | D11: 0.3 | E11: 0.2
A12: Яйцо куриное | B12: 143 | C12: 12.6 | D12: 9.5 | E12: 0.7
A13: Творог 2% | B13: 103 | C13: 18 | D13: 2 | E13: 3.3
... A16: Тофу | B16: 144 | C16: 17 | D16: 9 | E16: 2.8

Sheet Жиры и масла
A1: Продукт | B1: ккал | C1: Белки, г | D1: Жиры, г | E1: Углеводы, г
A2: Оливковое масло | B2: 884 | C2: 0 | D2: 100 | E2: 0
A3: Подсолнечное масло | B3: 884 | C3: 0 | D3: 100 | E3: 0
A4: Рапсовое масло | B4: 884 | C4: 0 | D4: 100 | E4: 0
A5: Льняное масло | B5: 884 | C5: 0 | D5: 100 | E5: 0
A6: Кокосовое масло | B6: 892 | C6: 0 | D6: 100 | E6: 0
A7: Сливочное масло 82,5% | B7: 748 | C7: 0.5 | D7: 82.5 | E7: 0.8
A8: Масло гхи | B8: 898 | C8: 0 | D8: 99.8 | E8: 0

Sheet Продукты для перекусов
A1: Продукт | B1: ккал | C1: Белки, г | D1: Жиры, г | E1: Углеводы, г
A2: Курага | B2: 241 | C2: 3.4 | D2: 0.5 | E2: 62.6
A3: Чернослив | B3: 240 | C3: 2.2 | D3: 0.4 | E3: 63.9
A4: Изюм | B4: 299 | C4: 3.1 | D4: 0.5 | E4: 79.2
A5: Финики | B5: 282 | C5: 2.5 | D5: 0.4 | E5: 75
A6: Инжир сушёный | B6: 249 | C6: 3.3 | D6: 0.9 | E6: 63.9
A7: Хлеб цельнозерновой | B7: 247 | C7: 13 | D7: 4.2 | E7: 41
A8: Хлеб пшеничный | B8: 266 | C8: 8.9 | D8: 3.3 | E8: 49.4
A9: Хлеб ржаной | B9: 259 | C9: 8.5 | D9: 3.3 | E9: 48.3
A10: Джем | B10: 250 | C10: 0.4 | D10: 0.1 | E10: 62
A11: Зефир | B11: 326 | C11: 0.8 | D11: 0.1 | E11: 80
A12: Пастила | B12: 324 | C12: 0.5 | D12: 0 | E12: 80
A13: Мармелад | B13: 321 | C13: 0.1 | D13: 0 | E13: 79
